ID,Name,Age,CountryCode,Salary
1,Melissa Nelson,98,256,2192129.07
2,Dillon Lewis,69,358,5609320.09
3,Christine Wolfe,95,332,7751332.78
4,Lisa Greene,42,172,4150480.34
5,Diana Stewart,83,146,6896931.95
6,Dr. Eric Boone,19,221,5074270.59
7,Thomas Bates,92,483,7103016.35
8,Joseph Steele,29,414,7458658.15
9,Kenneth Kidd,28,80,4356313.95
10,Steven Johnson,54,130,5097113.79
11,Vanessa Levy,52,445,7232682.44
12,Courtney Smith,86,441,3204594.33
13,Michael Johns,83,397,1200642.85
14,Janet Ross,34,33,7040244.98
15,Kim Ramsey,32,95,551512.12
16,Kerri Carr,19,91,419965.84
17,Rita Morrison,58,231,8437583.41
18,Michelle Sanders,23,288,960766.2
19,Thomas Frederick,28,174,5811973.62
20,Maria Jackson,100,284,8436634.01
21,Selena Rush,51,455,9062684.17
22,Jeremy Williams,36,215,3197302.83
23,Christopher Frazier,94,497,2347842.92
24,Jessica Snyder,95,437,657496.33
25,Patrick Jones,40,228,8980335.77
26,Noah Phelps,60,136,9569857.0
27,Kristen Turner,74,499,9506284.73
28,Javier Bautista,25,20,8234440.94
29,Gloria Johnson,42,188,7996517.31
30,Zachary Davis,80,97,5322665.34
31,Michael Chandler,85,421,6506767.82
32,Kerry Lee,100,130,2386103.29
33,John Le,59,69,8751922.8
34,Michael Hayes,84,81,5223772.99
35,Deborah Pollard,41,457,3422362.61
36,Ashley Gomez,38,476,6006996.44
37,Hector Cooper,72,444,9550461.05
38,Lisa Ruiz,92,423,3143730.33
39,Christopher Patterson,94,103,4388460.76
40,Erin Robinson,85,437,8511181.82
41,Philip Smith,57,237,9997048.68
42,Christopher Shelton,31,14,1668848.38
43,Alyssa Campbell,96,104,9486354.53
44,Paula Blankenship,88,32,5653746.57
45,William Martin,29,66,6210473.49
46,Charles Huff,37,334,8105702.55
47,Daniel Cooke,50,296,1205027.14
48,Ronald Caldwell,45,460,222949.33
49,David Cruz,95,429,9924437.96
50,Jessica Ortiz,34,341,3150587.37
51,Terrance Grimes,60,264,9129731.16
52,Paul Baxter,84,167,3565475.73
53,Charles Willis,85,185,5555008.15
54,Amber Todd,50,28,8627290.7
55,James Reyes,78,409,3544777.65
56,Miranda Brown,44,162,3737450.6
57,Mark Pineda,53,354,6955119.25
58,Susan Henderson,77,315,4342774.3
59,Rodney Harris,47,453,4244017.08
60,Tanya Carey,96,500,8340248.96
61,Hannah Walker,83,70,4475279.86
62,Alyssa Peterson,80,124,720029.97
63,Desiree Dominguez,28,428,2561016.61
64,Amy Hancock,57,283,6958688.38
65,Cody Abbott,53,246,1639755.65
66,Margaret Herrera,36,298,5405921.78
67,Misty Leblanc,56,48,1740002.3
68,Kimberly Miles,99,45,4704150.57
69,Anne Jones,43,358,1014405.9
70,Sarah Smith,98,190,5478867.63
71,Katie Macdonald,100,319,1229095.15
72,Jared Moran,61,61,6152306.63
73,Kelly Spencer,55,87,8025688.87
74,Megan Dunn,66,255,600718.99
75,Robin Barrett,83,342,1279177.75
76,Brianna Young,72,260,2201459.95
77,Colleen Garcia,44,2,810234.9
78,Kelly Murphy,87,372,827887.36
79,Tonya Lopez,37,371,7785548.1
80,Darrell Fuentes,18,298,9759513.22
81,Stacey Lopez,62,3,1962045.42
82,Kevin Martinez,85,171,828326.08
83,Carrie Abbott,74,432,955034.19
84,Kristina Dunn,90,238,2470512.09
85,Kerri Duncan,77,425,5458631.4
86,Jean Martinez,68,46,304378.63
87,Joshua Powell,68,184,8732063.47
88,Joseph Hall,88,290,5583337.89
89,Russell Alexander,41,88,9584287.2
90,Cesar Diaz,37,469,3127646.62
91,Christopher Fox,78,453,82547.76
92,Aaron Russo,79,208,1455336.8
93,Jay Martinez,31,466,3325850.63
94,Kathryn Sandoval,45,208,8393588.78
95,Michael Neal,71,363,6909182.07
96,Ricardo Delacruz,40,151,155985.22
97,Corey Bautista,52,23,9744128.44
98,Allison Bowen,74,104,1072495.98
99,Erin Rodriguez,40,321,2870181.63
100,Kayla Roberts,72,214,6902075.47
101,Tyrone Smith,86,2,5097384.23
102,Kerry Reid,57,426,732977.66
103,Rebecca Wilson,99,24,7909460.14
104,Juan Vasquez,49,274,4062798.45
105,Amy Griffin,38,423,3083552.8
106,Priscilla Lee,62,446,2884626.08
107,Judy Patton,40,35,5377960.12
108,Annette Flores,93,239,3899034.75
109,Brady Johnson,58,397,59509.41
110,Richard Hoffman,31,466,7034503.44
111,Madison Zhang,46,42,689627.97
112,Beth King,45,497,2661618.82
113,Steven Mcdonald,66,17,699490.91
114,Emily Miller,55,19,3953879.72
115,Aaron Jones,93,179,8502231.23
116,Gregory Salinas,64,229,6080009.37
117,Gregory Schmidt,21,19,4952370.81
118,Sara Garcia,45,176,8998349.34
119,Terry Pena,19,332,8261670.83
120,Jacob Jimenez,80,355,133299.78
121,Bryan Simon,37,342,8512310.93
122,Carrie Willis,73,76,3269859.36
123,David Williams,26,160,2766295.43
124,Laura Thomas,86,216,5327299.73
125,Tracy Hammond,53,175,8424057.85
126,Bradley Rogers,54,50,1063989.14
127,Brittany Woods,80,139,2309738.19
128,David Porter,97,398,5318258.19
129,Roberto Kerr,64,109,8910630.56
130,Mark Hicks,78,400,5976076.19
131,Cameron King,84,184,6642626.55
132,Jessica Walters,64,340,6519308.94
133,Anne Nguyen,92,270,3847321.31
134,Anthony Jimenez,80,326,7399961.16
135,Timothy Russell,67,110,4020664.55
136,Amber Jones,92,401,4128818.45
137,Brendan Mcfarland,48,405,8266471.29
138,Jessica Bird MD,98,282,4266275.63
139,Michael Rios,64,446,7439066.49
140,Tyler Wilson,27,383,3841724.64
141,Jason Lara,51,214,964306.06
142,Hannah Rodriguez,60,226,8190724.72
143,Raymond Clements,48,385,478647.54
144,Brian Ray,90,59,1926894.1
145,Regina Obrien,98,443,7210892.61
146,Emily Cole,43,392,5508879.68
147,Gregory Anderson,90,160,5915776.19
148,Mrs. Mary Gonzalez,59,129,5738671.58
149,Danielle Davis,50,159,4997267.89
150,James Anderson,80,116,5104671.83
151,Dennis Moyer,49,384,5013186.49
152,Denise Shepard,65,481,6814255.22
153,Michael Vazquez,61,478,9115062.07
154,Brian Clark,81,464,2673698.72
155,Kenneth Haynes,99,266,5867776.68
156,Mitchell Gonzalez,67,244,7312357.14
157,Linda Peterson,52,107,6323865.98
158,Robert Porter,91,284,6724779.48
159,Jerry Mcmillan,99,337,6206702.73
160,Steven Yang,55,488,8174468.13
161,Jonathan Mcgrath,39,206,8209307.27
162,Carl Sanchez,57,13,2599563.95
163,Joanna Banks,20,452,8622997.73
164,Mike Brown,58,39,6240424.78
165,Sarah Combs,88,264,1086390.35
166,Karen Harvey,19,431,2543891.23
167,Julie Le,97,261,5737532.19
168,Christopher Ruiz,52,107,7245717.62
169,Jessica Kirby,85,428,9655272.63
170,Jimmy Lewis,37,469,1463343.97
171,Ryan Lewis,69,139,402419.02
172,Justin Short,91,267,1195624.88
173,Bryan Wilson,92,220,2300425.28
174,Juan Davis,46,307,7782451.19
175,Matthew White,89,156,6414515.65
176,David Yang,30,313,3889822.75
177,Shaun Lewis,41,116,4571219.81
178,Joseph Peterson,44,429,5803694.36
179,Barbara Walter,81,250,1878511.45
180,Mrs. Sandra Torres MD,99,140,858331.31
181,Cody Obrien,23,423,51112.57
182,Keith Johnson,86,454,4662546.22
183,Edward Bishop,81,167,4672213.37
184,Misty Vargas,58,53,6423435.98
185,Gerald Carrillo,64,243,9674466.26
186,Trevor Garcia,37,337,4314600.84
187,Vanessa Hamilton,59,384,9042665.99
188,Daniel Ward,54,10,2070837.4
189,Crystal Richmond,70,344,2514947.98
190,Michael Lee,83,1,7953108.23
191,Denise Knapp,25,148,7038063.36
192,David Duran,89,31,4540861.2
193,Michelle Torres,81,118,7168581.5
194,Julie Dunn,41,327,8931584.12
195,Richard Foster,79,262,8275196.98
196,Karen Gregory,71,61,1926606.06
197,Melissa Chang,87,108,586467.02
198,Shannon Fry,45,290,3077979.75
199,Jocelyn Johnson,97,384,8927362.3
200,Donna Anderson,34,499,3386228.29
201,Paul Wagner,36,327,6731586.27
202,Ronnie Reed,36,7,7163112.66
203,Nathan Maldonado,23,176,1601892.5
204,Michael Pope,38,79,4594648.41
205,Andrew Coffey,71,256,206902.94
206,Leonard Smith,56,436,6922719.22
207,Kayla Warren,62,226,3662285.28
208,Allison Richards,35,279,6175797.75
209,Thomas Gallegos,77,370,8732425.83
210,Nicholas Preston,94,483,8301692.16
211,Michael Williams,93,444,8271833.11
212,Daniel Harrison,95,85,1202379.96
213,Amanda Adkins,67,253,3554633.9
214,Steven Jones,71,67,7784571.1
215,Gregory Dunn,62,201,4688220.89
216,Michael Sampson,66,236,3476144.23
217,Eric Rodriguez,25,165,5962510.97
218,Derrick Aguilar,70,473,9930831.99
219,Stacey Romero DDS,32,59,3952491.69
220,Cory Bryant,72,220,6981084.41
221,Julia Barnes,69,61,4961767.93
222,Matthew Santos,31,425,8085392.6
223,Leslie Kennedy MD,81,7,9110651.22
224,Charles Rivera,30,348,9732811.97
225,Lauren Thomas,92,491,8790646.73
226,William Jackson,69,330,8956245.99
227,Thomas Bautista,96,238,1231383.94
228,Cathy Martinez,20,94,1245341.69
229,Dustin Lopez,27,461,8589835.18
230,Katherine Bautista,80,350,1644273.86
231,Kelli Miller,90,466,8136474.38
232,Mark Simon,25,373,6384025.67
233,Bryan Carrillo,38,225,7076341.46
234,Joshua Brown,86,8,914287.56
235,Ashley Keller,75,469,6157059.98
236,Nicole Alvarado,77,420,4967223.36
237,Patricia Sellers,84,16,4530032.15
238,Nicole Mullins,38,471,668468.67
239,Suzanne Haynes,20,341,8287408.87
240,Stephanie Garcia,56,384,6196405.07
241,Amber Ramirez,32,421,1016620.69
242,Danny Gill,66,492,9611992.24
243,Deanna Campos,29,34,3764492.39
244,David Morgan,36,20,1127833.41
245,Jennifer Mcgee,65,278,6286048.49
246,Emily King,95,461,2476137.3
247,Zachary Rojas,50,320,5803730.64
248,Justin Carney,52,386,6734582.84
249,Anthony Mayer,32,316,2249611.81
250,Vanessa Wilson,36,176,4913868.06
251,Kyle Mcgee,60,117,7643850.14
252,Jeffrey Crawford,20,398,716775.22
253,Richard Craig,85,4,7209004.32
254,Mr. Mark Richards II,32,145,1939688.78
255,Michael Bradshaw,51,50,3097195.51
256,Michele White,98,51,9280966.2
257,Kyle Barnes,40,409,6169759.48
258,Lisa Stewart,80,277,7063076.82
259,Joshua Wilson,21,53,1866096.78
260,Eric Tran,38,332,5766995.27
261,Jonathan Lopez,32,191,726872.2
262,Julie Myers,61,391,6998180.85
263,Audrey Lane,55,218,304533.66
264,Tiffany Ellis,18,89,8256579.96
265,Jessica King,29,126,5276935.67
266,Lisa Hall,26,210,7787472.59
267,David Roberts,32,238,4365661.04
268,Robert Mills,35,115,4479149.32
269,Justin Wilson,68,476,5368485.82
270,Todd Gibson,62,169,1023114.3
271,Mario Peters,70,401,6074719.98
272,Robin Reed,96,487,1385863.78
273,Melanie Roth,43,393,9262794.61
274,Todd Wade,56,280,5630428.52
275,Victoria Graham,93,276,1382769.62
276,Matthew Galloway,61,207,2655243.42
277,Taylor Wade,33,258,1796271.46
278,Robert Mckinney,91,163,5097959.96
279,Chris Jensen,48,75,7932884.91
280,Amanda Brown,60,497,3461679.48
281,Lisa Wyatt,59,92,7494338.25
282,Megan Mckinney,52,109,9089434.07
283,Ashley Cole,82,283,4697703.94
284,Mrs. Rose Miller,39,261,8238068.91
285,Kelly Patterson,91,483,7399766.38
286,Charles Gonzales,45,439,7232349.57
287,Gail Carter,35,345,3885634.37
288,Rebecca Velez,32,123,8425900.57
289,Renee Patton,18,299,5961745.8
290,Shannon Mccormick,98,273,8467506.9
291,Susan Meyer,75,117,8069683.27
292,William Reyes,74,450,6360148.95
293,Jack Stephenson,69,182,6653310.12
294,Jonathan Alexander,31,419,8374369.16
295,Dr. Kristin Jackson,95,52,8899602.65
296,Dr. Holly West DDS,19,289,9521818.7
297,Rhonda Moore,51,396,5128325.49
298,Maria Vincent,46,420,7061357.09
299,Diana Escobar,50,93,5177101.92
300,Christina Fitzgerald,48,185,5525267.99
301,Stephanie Lindsey,60,417,3018523.54
302,Kimberly Jenkins,90,17,1999664.19
303,Gregory Ross,73,14,8789537.47
304,Virginia Myers,23,246,2847431.21
305,Angel Bowen,86,392,9839821.43
306,Ronnie Edwards,94,479,3833324.21
307,Rachel Poole,71,246,9965047.27
308,Kristen Anderson,72,63,8983709.72
309,Samuel Griffith MD,98,189,8273732.97
310,Vincent Douglas,33,428,7185316.96
311,Danielle Knight DVM,70,480,5288200.45
312,Carrie Mendez,44,279,1724294.87
313,Tamara Smith,39,174,9066212.04
314,Travis Stewart,37,243,17406.46
315,Jonathan Crawford,93,102,4906056.5
316,Adam Nicholson,60,63,6484351.57
317,Tracy Stewart,71,88,6146938.05
318,Bradley Adams,98,198,6746637.1
319,Christopher Turner,25,408,1320950.96
320,Karen Erickson,59,91,8184647.89
321,Alex Smith,60,94,1701507.65
322,Mark Jackson,74,343,9025279.3
323,Rachel Bailey,80,200,9066607.54
324,Austin Cross,75,13,5731406.52
325,Gregory Sandoval,65,369,2278373.13
326,Troy Myers,61,284,8827164.76
327,Julie Collins,19,303,6254565.55
328,Curtis Figueroa,47,303,1858469.9
329,Courtney Le,41,205,9089650.1
330,Jennifer Jones,88,479,3158067.9
331,Andrew Larson,51,471,7700901.14
332,Monica Brown,67,280,6938441.5
333,Felicia Garcia,92,52,934210.06
334,Peter Wade,52,165,3373162.15
335,Samantha Murphy,58,355,245184.09
336,Michael Skinner,63,288,5930610.91
337,David Brock,24,135,232546.29
338,Bradley Roberts,93,410,7108392.48
339,Michael Singleton,97,419,5769277.85
340,Angela Harvey,96,431,268988.87
341,Karen Ramsey,69,473,8254013.69
342,Amanda Jackson,18,22,2875351.82
343,Taylor Mitchell,74,206,1589716.98
344,Harold Christensen,99,341,6172645.62
345,Jonathan Welch,44,66,2217857.29
346,Crystal Wade,83,155,8710482.34
347,Michael Lee,39,289,9084265.64
348,Nathan Parker,90,404,9370677.68
349,George Espinoza,68,269,1411776.4
350,Virginia Rodriguez,90,488,7844557.96
351,Brenda Hall,32,185,148221.75
352,James Logan,21,274,3239047.51
353,Teresa Klein,31,342,7794526.2
354,Leah Mcmahon,24,131,8334892.76
355,Robert Alvarez,94,313,1400565.67
356,Christian Thompson,83,233,7643341.83
357,Julie Chase,59,264,477490.3
358,Steven Miller,63,77,1548382.21
359,Barbara Neal,87,429,6949130.85
360,Erica Foster,83,391,3673532.85
361,David Gonzalez,24,297,9499599.17
362,Jeff Leonard,56,47,2135841.59
363,Michael Johnson,22,311,8761775.75
364,Jonathan Diaz,97,34,3647360.63
365,Robert Lee,19,44,6525429.08
366,Sally Schneider,68,415,9541863.33
367,Destiny Alexander,67,334,5955932.54
368,Michael Grimes,27,287,8417452.54
369,Jane Holmes,21,60,5313390.24
370,Austin Jordan,54,12,959170.75
371,Andrew Juarez,75,193,8530676.65
372,Kristine Wilson,92,262,5421967.35
373,Patricia Burns,19,90,4276791.22
374,Jordan Stone,18,446,2616721.28
375,James Jordan,44,401,4308979.43
376,David Smith,18,192,9591603.51
377,Jennifer Roberts,49,86,9513587.92
378,Dennis Reed,20,20,3214849.93
379,Michael Robinson,42,49,8848047.45
380,Regina Barrett,53,81,1460559.95
381,Katherine Daugherty,91,328,2667599.41
382,Alexis Diaz,56,482,4838386.36
383,Michael Thompson,39,380,4564298.69
384,Glenn Sherman,90,74,2829386.44
385,Dennis Walker,28,217,3577256.49
386,Erica Bartlett,82,4,57067.04
387,Valerie Gonzalez,100,393,9485535.01
388,Darrell Spence,78,39,2169448.35
389,Keith Bates,48,114,3919703.36
390,Helen Nelson,78,279,6205304.96
391,Kathleen Garcia,38,153,7578445.42
392,Joe Rodriguez,88,322,5939552.43
393,Jennifer Zamora,49,394,2119498.86
394,Melanie Morgan,88,48,1747239.82
395,Jessica Beasley,58,238,3036767.2
396,Brandon King,54,27,5758680.22
397,Gabriela Day,92,50,7247788.74
398,Jennifer Moss,74,202,6929574.92
399,Michael Peters,66,438,3990592.63
400,Mrs. Briana Camacho,69,302,273472.04
401,Laura Moore,82,38,2666666.7
402,Lauren Schneider,55,473,9566643.12
403,Jenny Woods,100,169,3735058.43
404,Miranda Arnold,24,482,1654069.4
405,Rachel Morrow,54,350,539902.83
406,Brenda Hardy,67,44,9010488.96
407,Jennifer White,30,23,9902436.52
408,Joseph Perez,60,348,2555659.94
409,Anthony Richmond,24,472,4145795.44
410,Megan Henry,73,491,6716285.1
411,Janet Davis,90,231,6043343.23
412,Drew Wagner,79,23,5075918.04
413,Mr. Jason White MD,38,223,5186473.55
414,Bryce Johnson DVM,54,449,9078328.62
415,Shane Singleton,23,356,616453.15
416,Heather Mcguire,45,432,8518217.51
417,Robert Baker,21,498,6506301.22
418,Shannon Herrera MD,95,36,9901721.31
419,Danielle Rice,49,368,6192891.62
420,Shawn Miller,30,312,9519407.32
421,Danny Reid,85,165,9387034.0
422,Jerry Martinez,94,336,7067036.63
423,David Holmes,36,192,8334924.92
424,Nicholas Fischer,55,246,4905498.21
425,Anna Herring,40,277,3677979.05
426,Jonathan Jimenez,48,482,2339789.82
427,Jason Kemp,34,167,2116748.04
428,Benjamin Sosa,74,497,8448286.74
429,Juan Hernandez,85,245,8791961.83
430,Madison Brock,98,134,5239843.44
431,Isabel Williams,76,456,536835.12
432,Vicki Ramos,38,91,7296060.38
433,Ryan Schmitt,87,403,2680950.82
434,Rebekah Anderson,97,393,548500.95
435,Nathan May,89,8,4375143.94
436,Caleb Franco,58,470,375520.86
437,Brian Glenn,47,410,5309024.34
438,Candace Rodriguez,46,199,2818607.7
439,Calvin Davis,44,162,6325186.38
440,Katelyn Brooks,77,210,8047925.55
441,Erin Black,81,98,1576237.5
442,Maria Kelly,100,49,6141429.64
443,Chad Davenport,56,332,8735381.32
444,Megan Carr,32,38,6179211.62
445,Justin Johnson,19,367,6887738.34
446,Michael Webb,65,333,3041542.35
447,Carolyn White,20,294,4147353.39
448,Mr. James Jones,81,55,2438621.51
449,Andrea Ortega,73,16,7456361.45
450,Julie Walker,33,166,5639551.02
451,Bryan Williams,90,297,477708.41
452,Melissa Meza,63,377,4551282.55
453,Troy Moore,54,334,3532445.25
454,Daniel Charles,27,72,7825934.35
455,Mary Wall,69,167,3887231.77
456,Chloe Stewart,86,342,1218363.3
457,Richard Walker,47,126,4499139.55
458,Patrick Scott,89,69,8227132.82
459,Tamara Clark,68,493,6351461.8
460,Justin Alvarado,56,497,3775985.62
461,Brandon Allen,29,397,4479532.21
462,Lisa Coleman,57,317,4526535.31
463,Robert Garcia,94,421,4236830.86
464,Jamie Gonzalez,72,420,9741737.48
465,Zachary Johnson,75,166,3270580.45
466,Devin Ortega,34,308,5901429.64
467,Olivia Stokes,35,358,3118565.52
468,Kevin Parker,92,255,6076847.01
469,Cynthia Martinez,58,20,5894312.08
470,Steven Dean,68,426,7417100.86
471,Paul Tapia,58,308,7367829.7
472,Jeffrey Morrow,58,119,3107392.89
473,Stephanie Michael,58,404,7674137.12
474,Anthony Guerrero,58,92,4475645.96
475,Walter Terry,81,233,5972404.29
476,John Shannon,67,203,9659991.57
477,Mariah Humphrey,30,154,9175801.52
478,Anthony Wang,91,6,8233907.17
479,Matthew Wilkins,100,268,9172139.58
480,Jean Adkins,26,368,8884066.67
481,Gloria Spears,56,496,231634.59
482,Tim Chapman,79,481,6742827.73
483,Mario Gibson,64,106,6288805.95
484,Justin Rodriguez,78,295,8678930.85
485,Lori Morgan DVM,95,20,358865.03
486,Nancy Carter,94,245,3689394.99
487,Joshua Clark,99,368,8389713.77
488,William Lee,31,429,8979241.31
489,Ann Clay,52,183,7319205.88
490,Melissa Mccormick,55,266,2555226.66
491,Lisa Hall,35,158,2668872.73
492,Melanie Booth,59,230,4954208.99
493,Angel Marquez,94,431,6539383.76
494,Anne Kelly,40,471,9963094.63
495,Erin Lee,34,292,1730393.68
496,Sherry Nguyen,44,218,1838153.03
497,Emily Griffith,35,21,2917907.61
498,Sheri Johnson,65,204,1931302.61
499,Kirk Farmer,60,272,4581265.89
500,Julian Martinez,83,206,4265568.5
501,Amy Grimes,88,110,5386049.79
502,Steven Ward,79,218,753460.4
503,Pamela Carlson,72,101,9372274.12
504,Sarah Vasquez,70,112,6785028.86
505,Joe Chase,25,131,3058031.04
506,Michael Graves MD,43,117,6732452.59
507,Jennifer Rivera,34,441,7053298.37
508,Philip Odonnell,29,434,5036951.82
509,Shawn Ortega,48,394,7452895.33
510,Robert Bowers,21,210,4399294.71
511,Victor Ochoa,37,423,3090534.47
512,Kristina Pope,77,401,9119561.32
513,Anna Moody,57,491,9693944.62
514,Sheila Russell,51,69,8918129.19
515,Hayden Hobbs,48,128,177093.56
516,Thomas Mata,21,268,6392609.05
517,Linda Wright,86,383,9169557.74
518,Sandra Stout,84,451,4241845.28
519,Susan Sexton,22,322,8596960.49
520,Dillon Crawford,67,163,2393730.4
521,Nicholas Cook,29,230,2083253.79
522,Brandon Murphy,89,483,4197932.51
523,Emma Tyler,97,186,3713402.58
524,Becky Gonzalez,52,93,4696892.3
525,Tony Gill,79,96,9674065.68
526,Tiffany Morrow,93,271,1610824.13
527,Courtney Baker DDS,46,301,490274.86
528,Laurie Jacobs,28,317,7994456.88
529,Kelly Young,32,292,5534994.94
530,Carolyn Gregory,94,428,177091.29
531,Allen Moran,37,84,4179503.77
532,Daniel Sanchez,92,150,9314025.62
533,Eileen Johnson,79,440,4768159.26
534,Lisa Hall,18,467,8550270.97
535,Laura Swanson,47,366,6453035.25
536,Mary Smith,65,428,8166924.3
537,Tiffany Page DDS,90,364,8819473.03
538,Melanie Robertson,36,147,8743220.15
539,Christine Sanford,58,182,4530642.56
540,Mr. Nicholas Kane Jr.,67,330,4958432.37
541,Michael Cox,51,411,7874523.74
542,Rebecca Rice,67,338,4418404.64
543,Carlos Oliver,87,333,183147.59
544,William Gonzalez,98,114,2448019.35
545,Rebecca Baxter,35,451,7892311.63
546,Benjamin Vasquez Jr.,59,357,2080775.76
547,Daniel Ferguson,78,345,4768346.2
548,Emily Reed,69,460,2381791.35
549,Tyler Wood,39,4,3505186.9
550,Brian Barnes,30,238,6703074.93
551,Justin Smith,73,477,8594326.09
552,Pamela Thornton,61,424,2686372.05
553,Kevin Moore DDS,26,264,2111094.87
554,Douglas Lopez,93,362,2466757.12
555,James Townsend,97,160,9653573.37
556,Brandy Evans,100,451,8565789.23
557,Robyn Johnson,49,96,6210529.06
558,Robert Davis,88,390,3692341.18
559,John Combs,50,483,114836.53
560,Sarah Carr,38,391,3069635.93
561,Sandra Dominguez,85,285,1321267.73
562,Daniel Carpenter,44,185,9734240.58
563,Laura Sanders,21,25,3151654.71
564,Michael Mitchell,28,295,2646763.41
565,Jose Quinn,49,22,5779601.95
566,Glenn Meyer,32,432,2813044.96
567,Denise Wall,64,250,6448931.21
568,Danny Lane,95,55,7353225.76
569,Heidi Jenkins,99,492,7798770.09
570,Catherine Avila,48,382,6898939.69
571,Larry Matthews,81,221,9778546.1
572,Samuel Phillips,20,166,8040509.66
573,Megan Perez,84,23,513507.77
574,James Park,80,38,3300703.22
575,Lori Chapman,39,379,1521738.27
576,Daniel Carter,74,292,7362614.99
577,Thomas Park,97,93,4849736.51
578,Dana Baker,47,380,3477432.79
579,Cheryl Gillespie,50,431,4205820.45
580,Michael Dunn,91,192,1992303.73
581,Jennifer Allen,22,314,4679224.5
582,Monica Potter,69,195,8274318.9
583,Brittany Mendez,33,225,2213759.81
584,David Williams,32,442,3067171.56
585,Amanda Flores,72,125,8729424.47
586,Mark Campos,28,217,3270744.4
587,Tiffany Burch,25,162,9794244.8
588,Diane Oconnor,92,174,4694676.22
589,Rodney Martin,52,366,3424510.79
590,Glenda Fisher,57,26,6531873.6
591,Dr. Hannah Case,35,244,1985476.33
592,Kimberly Howard,67,344,3372748.15
593,Christopher Chapman,70,25,3255072.82
594,Christian Mitchell,68,275,8494302.51
595,Luis Benson,92,309,5664989.99
596,David Burns,28,480,1948227.8
597,Clifford Bell,60,220,2930075.23
598,Jill Clark,77,229,4483418.5
599,Katelyn Kim,58,51,5249431.61
600,David Miller,56,459,2806321.81
601,Patrick Mason,66,490,6255495.79
602,Rodney Chapman,99,312,2096115.0
603,Micheal Hart,83,474,7699631.22
604,Albert Jimenez,77,401,769077.3
605,Jacob Callahan,73,104,7479708.97
606,Jeffrey Gray,62,286,9733595.65
607,Natalie Adams,82,361,5578010.31
608,Ryan Russell,77,205,6308866.01
609,Bryan Howell,44,289,6240058.89
610,Jesse Smith,27,352,1779777.74
611,Christopher Norton,33,401,8410808.36
612,Anne Zimmerman,78,125,6488767.15
613,William Tucker,24,123,8296979.61
614,Jason Travis,22,369,8321913.93
615,Daniel Scott,22,204,4293911.37
616,Gina Callahan,79,464,1557057.31
617,Latoya Williams,68,225,8924492.07
618,Eric Peters,47,126,846006.72
619,David Reyes,19,199,2049768.45
620,Christine Pierce,65,256,1064270.64
621,Kelly Hubbard,26,173,1852181.51
622,Amy Miller,32,86,4400765.42
623,Tina Mckinney,75,361,3561096.31
624,Kimberly Anderson,56,153,4645966.91
625,Toni Nunez,97,54,8813010.56
626,Charles Richard,76,235,976057.71
627,Jason Vaughn,84,495,5169781.26
628,Jeffrey Jones,91,221,5734290.81
629,Christina Johnston,32,179,4945353.42
630,Alicia Durham,82,76,3432906.12
631,Kenneth Boyer,85,57,217024.72
632,Thomas Castillo,47,336,170913.64
633,John Cobb MD,82,57,3646088.64
634,Marie Adkins,25,44,1189549.57
635,Omar Hernandez,20,372,6465349.01
636,Tyler Walker,40,41,4901927.39
637,Christopher Wong MD,27,221,1658107.48
638,Billy Williamson,22,248,3073501.16
639,Christopher Waters,29,435,8292433.82
640,Kimberly Fuentes,48,213,4773163.59
641,Zachary Harvey,56,282,8756556.62
642,Nicolas Wright,97,136,6441879.55
643,Sheila Vincent,67,78,1509440.46
644,Dr. Alice Macdonald,34,219,7514900.84
645,James Wilson,76,328,7083743.37
646,Sydney Davenport,22,311,8298535.91
647,Jimmy Davis,60,365,5106936.64
648,Deborah Roberson,77,416,887079.31
649,Emily Ramirez,26,338,4951261.8
650,Jesse Todd,89,339,3859938.46
651,Travis Robertson,71,263,1823447.95
652,Emily Bryant,31,219,4120658.24
653,Michael Morales,56,235,7718663.57
654,Robin Maddox,80,278,9618184.21
655,Dr. Kristin Preston,100,165,1999324.32
656,Andrea Banks,94,133,9831081.33
657,Brandi Williams,93,125,9595919.65
658,Jacob Sharp,43,218,1532475.44
659,Lauren Baxter,28,195,3985740.67
660,Madison Chapman,72,70,7694709.96
661,Tara Ferguson,37,38,6987575.44
662,Daniel Underwood,58,187,6456497.87
663,Tammy French,65,181,9455241.03
664,Pamela Bailey,37,462,1947005.45
665,Julie Harris,92,458,7654978.29
666,Mark Reid,48,466,8712403.87
667,Melanie Tucker,83,254,6934557.74
668,Mrs. Kim Welch,50,15,9403330.55
669,David Gray,83,144,7264261.42
670,Tammy Cobb,48,310,560287.66
671,Scott Vance,92,322,8135146.53
672,Amy Henderson,48,98,2334425.16
673,Nathan Vasquez,47,17,1995785.39
674,Andrew Rodriguez,92,59,7418097.22
675,Alexis Jones,25,294,9788080.9
676,Steven Villarreal,93,419,7797807.84
677,Dr. Katherine Campbell,27,155,9317496.88
678,Chelsea Cole,58,387,4625911.74
679,John Wright,68,364,4449419.93
680,Gina Frank,51,24,1355102.68
681,Jeffrey Atkinson,46,115,3626021.44
682,Erica Elliott,91,409,6928570.56
683,Michael Fox,100,76,4727606.36
684,William Jimenez,19,480,6908972.63
685,Jeffrey Henderson,89,201,7366092.32
686,Sandra Quinn,65,212,7741772.88
687,Donna Garcia,91,71,6816800.26
688,Cheryl Kane,98,132,8443439.26
689,Thomas Harper,65,391,3864871.75
690,Victor Porter,88,470,529016.06
691,Charles Evans,75,22,8985375.95
692,Joshua Lewis,32,167,8633099.96
693,Cory Hill,49,296,1567606.26
694,John Hall,64,377,2639653.76
695,Andrea Pace,67,195,358478.62
696,Mrs. Sandra Kaufman DDS,91,21,7482137.16
697,Savannah Thomas,67,19,7173093.53
698,Anita Guerra,29,350,5368282.11
699,Megan Myers,57,288,1550196.92
700,Gerald Kim,66,155,42851.35
701,Jonathan Stevens,19,285,3114594.4
702,Jeffrey Patel,32,462,4206332.68
703,Jennifer Jones,86,156,3690836.48
704,Alexander Fitzgerald,48,49,7749393.27
705,Victoria Johnson,29,259,6102960.85
706,Katherine Cain,25,298,1531516.78
707,Caleb Galvan,41,202,2429054.62
708,John Ayers,76,433,3238207.64
709,Dr. Julie Franco,45,463,3951048.21
710,Ashley King,72,435,4919256.8
711,Paul Clark,34,239,7711254.8
712,Michael Luna,68,244,3147848.19
713,Christopher Mitchell,30,452,7174702.54
714,Vanessa Clayton,59,114,7672047.48
715,Marie Patel,100,26,9775422.76
716,Matthew Lee,80,343,4490844.26
717,Rose Stone,67,93,173859.22
718,Jerry Coleman,32,184,3054665.06
719,Judy Meyers,96,310,43072.62
720,Kristina Cruz,71,484,4406348.69
721,Kelly Martin,45,294,2993195.81
722,Janet Hernandez,57,111,703834.44
723,Karen Shepherd,76,226,8384052.62
724,Scott Edwards,99,311,7888250.04
725,Tyler Carter,42,50,5540605.38
726,Amy Vance,32,423,172981.0
727,Carly Moyer,57,423,3923335.12
728,Christopher Dillon,94,483,8963299.65
729,Kyle Zuniga,60,311,3642418.03
730,Allison Hernandez,32,157,6235020.33
731,Dustin Singh,20,40,4381302.42
732,Amanda Johnson,63,308,8766597.81
733,Kayla Brandt,66,409,3519513.6
734,Melissa Dodson,30,90,4204218.06
735,Julie Lee,63,401,728489.28
736,Alex Trevino,37,295,4673551.98
737,Teresa Phillips,68,408,8467511.38
738,Brenda West,69,340,1318093.32
739,Dennis Valencia,83,336,2845820.47
740,Amy Smith,46,83,7394516.91
741,Abigail Ayers,36,70,7915080.99
742,Laura Schaefer,37,342,7911208.88
743,Matthew Stokes,52,288,4948059.27
744,Christina Larsen,79,255,6286743.4
745,Michael Alvarez,91,339,3179649.65
746,Bryan Flores,83,62,9884337.72
747,Troy Miller,32,110,4928854.36
748,Terry Young,34,104,497791.3
749,Nicole Berry,39,378,5292844.02
750,Rodney Martin,81,83,1517138.78
751,Oscar Edwards,58,369,6645666.62
752,Kyle Wright,44,300,3189301.4
753,Frank Cook,91,253,4207577.84
754,Rita Obrien,82,167,7586238.9
755,John Barrett,43,389,5480347.95
756,Destiny Smith,76,397,183644.76
757,Vincent Bennett,32,196,3179739.5
758,Tara Friedman,64,478,7442281.07
759,Shannon Jones,40,103,436254.34
760,Kelly Cohen,47,39,8468869.32
761,Cody King,43,89,9250496.62
762,Ana Brown,82,82,4166031.86
763,Joseph Burton,41,423,7064033.97
764,Haley Murphy,93,357,7232741.86
765,Adam Holland,55,500,809077.34
766,Dean Brown,62,363,4103526.05
767,Mrs. Mary Williams,20,340,4407308.29
768,Lori Johnson,42,55,9256233.89
769,Jay Freeman,39,195,1639086.32
770,Angela Little,72,25,4571944.53
771,Paul Jones,50,385,6602022.32
772,Miss Rebecca Alexander,52,416,1273783.55
773,Alex Hooper,61,40,14950.85
774,Justin Mills,73,48,8996912.47
775,Bruce Wilson,94,306,4636682.52
776,Gary White,62,461,2477110.48
777,Michael Hamilton,40,261,8242612.8
778,Johnny Espinoza,58,193,6114198.72
779,Caitlin Hobbs,41,243,3285080.49
780,Sarah Smith,83,269,2523104.61
781,William Silva,53,192,2499321.11
782,Natalie Contreras,22,427,4269895.59
783,Kayla Joseph,68,160,4322138.16
784,Sarah Hanson,94,278,521376.22
785,Darin Kim,21,316,9691154.25
786,Keith Bryant,39,237,1210181.34
787,David Gallegos,80,356,4850306.45
788,Jill Anderson,57,21,4148662.56
789,Carlos Johnson,60,406,3538436.39
790,Dr. Thomas Harris,98,316,5606787.02
791,Wyatt Santos,18,230,4343573.82
792,Jacob Young,27,93,4588998.62
793,Shannon Kelly,40,37,3760716.75
794,Steven Sullivan,97,424,2268943.75
795,Maria Wilson,24,316,6098076.71
796,Kathy Burns,31,251,2782218.77
797,Bobby Carr,34,143,4690550.65
798,James Cooper,38,290,2152742.15
799,Lindsey Moore,34,97,4991199.48
800,Pamela Lane,19,435,6776294.82
801,Kyle Mcbride,61,242,8784125.09
802,Jason Brady,74,434,9979781.66
803,Erika Rodriguez,96,155,921444.07
804,Olivia Erickson,46,336,4107476.96
805,Candice Clements,98,33,2049330.81
806,Justin Ray,56,152,8893190.58
807,Dwayne Hamilton,25,281,3247966.75
808,Cody Lee,36,263,2265321.76
809,Brittney Marquez,91,490,3340694.68
810,Sarah Mason,56,226,1961294.52
811,Benjamin Carter,42,465,5110872.29
812,Kenneth Brown,24,354,220354.53
813,Corey Lester,60,447,327476.96
814,Julie Brown,96,299,3159080.67
815,Adam Morgan,68,374,2934657.76
816,Pamela Johnson,60,151,8439481.01
817,Derrick Perez,28,186,3751803.24
818,Jessica Thompson,48,35,6217522.87
819,Pamela Cook,37,192,9786705.53
820,Shawn Martin,86,286,7538511.13
821,Mrs. Anne Lee,27,261,67229.73
822,Christina Campbell,37,428,1446120.81
823,Tanya Anderson,84,83,603622.2
824,Lori Bass,65,321,9411525.41
825,Sandra Bennett,64,435,8869912.91
826,Nicole Murray,62,182,2458715.56
827,Sarah Moore,35,27,5970871.7
828,Clifford Campbell,24,491,1784842.62
829,Lauren Beard,41,82,7034770.93
830,Cassandra Logan,73,64,7012921.41
831,Connie Martinez,91,90,7099981.71
832,Benjamin Anderson,97,162,2863884.31
833,Edgar Lowery,86,214,4847997.21
834,Bridget Cross,38,23,2188024.08
835,Debra Thomas,58,64,1578108.48
836,Monica Martinez,21,390,6366771.3
837,Stephanie Brown,97,248,8675859.03
838,Joshua Austin,35,161,4699103.67
839,Frederick Beck,54,13,2148655.05
840,Benjamin Anderson,89,393,2924812.8
841,Brett Gutierrez,47,202,2269011.02
842,Scott Savage,40,11,41088.54
843,Tyrone Evans,39,134,6190348.03
844,Craig Gay,70,28,7612674.35
845,Jose Collins,95,122,2583792.55
846,Cheryl Williams,34,472,4274008.83
847,Michael Mckinney,67,64,5046842.75
848,Edwin White,83,27,4864114.11
849,Felicia Wilson,98,413,7885182.44
850,Brian Coleman,50,324,942070.01
851,Susan Rojas,28,478,6528646.27
852,Michele Lee,35,295,4629472.31
853,John Holder,75,4,742610.78
854,Phyllis Whitehead,55,375,1154181.33
855,Jose Kelly,84,407,4862587.26
856,Lisa Deleon,89,424,1882079.07
857,Dana Lambert,84,220,9913849.12
858,Edward Cowan,39,349,2704783.46
859,Natasha Fuentes,40,452,2412609.4
860,Jason Thomas,91,243,5095987.39
861,Christina White,60,55,2648321.49
862,Bill Franklin,53,469,878210.34
863,Katie Anderson,70,396,2377388.64
864,Donna Harrington,29,78,8369881.4
865,Sarah Young DVM,96,112,2699300.65
866,Dillon Jones,100,274,1419370.85
867,Edward Anderson,94,210,6867116.17
868,Nicholas Green,84,108,3159227.78
869,Isaac Lee,24,198,2746102.55
870,Larry Caldwell,71,122,6427574.33
871,Carly Walker,93,24,3061520.73
872,Judy Salazar,83,168,1816419.47
873,Donna Booth,35,35,7808223.71
874,Kimberly Johnson,34,244,5912146.34
875,Brian Jones,30,404,7133149.73
876,Vincent Gallagher,55,313,6228303.91
877,Sharon Thomas,27,330,2244635.73
878,Nicole Moon,99,97,7944612.53
879,Laura Crawford,73,261,5431757.84
880,Kelly Mckee,64,478,2897590.65
881,Jenna Daniel,42,408,7754880.33
882,Charlotte Ho,23,27,4646489.75
883,Danny Vazquez,64,400,5856126.9
884,Steven English,40,25,1052024.75
885,Brian Foster,87,433,4970665.54
886,Matthew Walker,46,139,1600476.62
887,Christopher Dunn,40,472,6279550.76
888,Ronald Sanders,41,80,8549701.29
889,Nicole Giles,80,265,4103387.18
890,Ryan Bailey,73,214,4186632.1
891,Jasmine Ward,37,365,9921558.59
892,Meagan Hawkins,84,191,4740469.33
893,Gail Swanson,21,337,6771147.84
894,Holly Terry,100,489,6600861.76
895,Kayla Rowe,97,202,1756431.92
896,Angel Lewis,36,429,8742604.69
897,Joshua Gomez,95,414,1692005.27
898,Michael Moore,70,282,6421548.03
899,Brian Higgins,20,334,4996546.52
900,Jennifer Logan,100,192,4944437.67
901,Dr. Dean Kim,41,353,9096922.72
902,Patrick Potts,29,301,803147.59
903,Anna Harrell,40,172,9717436.07
904,Derrick Green,36,495,6781683.88
905,Kerry Robertson,42,458,8534883.37
906,Roy Vasquez,56,259,7602224.09
907,Reginald Gill,42,205,9254166.41
908,John Smith,45,289,4413847.82
909,Ricky Macdonald,22,130,2256156.58
910,George Mcknight,74,325,5237042.2
911,Dustin Scott,68,287,9843193.18
912,Dylan Bentley,85,413,6449810.18
913,Brittany Roberts,57,260,8774483.4
914,Nathan Reeves MD,70,100,6500363.2
915,Mrs. Erin Evans,76,184,4221588.44
916,Katrina Elliott,29,379,2841715.41
917,Joshua Wade,95,191,2701303.09
918,Natalie Orr,24,88,1008220.39
919,Beverly Carlson,87,65,1671394.91
920,Stephanie Williams,68,192,3147182.81
921,Thomas Petersen,60,64,1812525.38
922,Michael Mack,36,348,8372065.1
923,Morgan Davis,89,411,605270.32
924,Rachael Ramirez,22,466,8274430.92
925,George Sanchez,52,323,4227019.56
926,Benjamin Morris,22,354,6587465.44
927,Jennifer Young,36,136,3624025.29
928,Kimberly Green,86,9,2529609.84
929,Jeffrey Wolf,99,396,9817917.75
930,Betty Wyatt,34,35,7243405.52
931,Jamie Alvarez,91,211,1414894.99
932,Patrick Davis,51,226,8673139.7
933,Nicole Wilkinson,91,144,5540258.29
934,James Kelley,74,248,7744618.99
935,Michael Perez,84,160,3884011.2
936,Joshua Patrick,97,148,9022087.43
937,Patricia Humphrey,85,405,5799787.91
938,Marilyn Blair,65,159,9845054.24
939,Paige Weber,18,288,4954468.51
940,Jeremy Matthews,32,242,8703662.8
941,Ryan Wilson,74,106,1886954.1
942,Jessica Fritz,77,140,2643586.55
943,Kevin Frye,84,198,2642174.65
944,Ricardo Acosta,54,168,9210000.47
945,Sean Osborne,100,174,2821810.3
946,Joshua Johnson,79,395,5559597.83
947,Melissa Randall,59,384,1717652.09
948,Miss Julia Galvan MD,44,107,5082068.52
949,Earl Hess,60,340,9089511.49
950,Carl Weber,21,188,8306081.85
951,Karen Olsen,39,475,2744480.79
952,Tiffany Holmes,97,331,7252077.06
953,Paul Fisher,87,337,2252806.61
954,William Diaz,43,160,6212134.89
955,Jacob Martinez,68,375,4620716.27
956,Brianna Bennett,39,348,917094.41
957,Heather Owens,87,302,4025547.32
958,Alexis Ellis,53,436,2791635.44
959,Chad Irwin,64,373,6609775.67
960,John Sosa,61,481,7890719.76
961,Todd Ryan,40,226,2453899.37
962,Alex Brock,19,253,3865579.04
963,Shawn Robles,30,214,6021275.41
964,Michael Trevino,97,242,9439498.44
965,Jeremy Benson,60,246,465766.89
966,Tamara Jensen,32,411,8732964.33
967,Jeanne Burgess,35,177,1755760.79
968,Christopher Bryant,88,91,2151650.47
969,Lisa Hughes,64,289,1720500.99
970,Amanda Valenzuela,20,202,9652288.76
971,Madison Nunez,45,458,8161831.88
972,Amy Gill,37,172,3456866.84
973,Jon Thomas,83,474,4928324.41
974,Caroline Morris,22,284,3346476.04
975,Janice Robinson,94,488,5209485.49
976,Courtney Adams,46,414,428052.41
977,Peter Smith,85,323,2935962.79
978,Ryan Stone,39,416,2528716.44
979,Marissa Moore,93,326,1630400.94
980,Fernando Whitney,40,231,2505318.92
981,Mark Hopkins,50,33,5675852.64
982,Jennifer Anderson,89,89,9778714.74
983,Elaine Garcia,24,399,7460303.72
984,Melissa Walker,78,305,1147164.32
985,Danielle Dougherty,56,256,9864403.6
986,Alexis Robertson,100,25,6230632.24
987,Alexander Vargas DDS,45,192,9106844.74
988,James Gonzales,60,320,4962822.3
989,Timothy Williams,59,24,1996363.54
990,Margaret Diaz,19,247,7941612.41
991,Laura Maldonado,62,227,8692952.06
992,Eric Hudson,37,10,8720115.69
993,Gabriella Bell,56,487,6407662.97
994,Johnny Hunt,25,191,9882486.85
995,Tammy Dixon,66,251,203364.17
996,Jack Fischer,78,113,7666161.24
997,Vanessa Ward,36,277,4174570.94
998,Steven Smith,32,207,3086836.1
999,Angela Gillespie,41,176,2650491.55
1000,Sally Anderson,35,437,8748082.16
