TransID,CustID,TransTotal,TransNumItems,TransDesc
1,38761,1620.68,15,Sound others investment seven.
2,49772,331.5,2,Health customer these better.
3,13797,796.66,4,Direction who wide.
4,39414,623.21,15,Just memory to seek American.
5,26491,1693.1,9,Management situation water just.
6,8556,277.57,4,Growth already visit rule.
7,45552,1117.48,10,Guy score major kid level.
8,250,1087.42,9,Hundred opportunity watch.
9,31161,1756.14,5,Song deep low use leg change.
10,27212,288.92,5,Common at write culture late bar up.
11,40291,1079.56,1,Husband place language sell fine reflect.
12,3119,1057.13,8,Huge also others what.
13,20460,661.33,13,Decade best benefit.
14,24215,819.47,2,Test investment not it walk.
15,41158,1770.81,5,View including American citizen lay degree.
16,8841,782.76,2,Whose few nice will blue.
17,41379,1325.47,14,Impact generation public smile owner.
18,34659,1422.25,5,Save turn continue.
19,42739,352.36,11,Compare ready civil many.
20,21457,692.33,12,Cover respond indeed investment.
21,40517,1449.13,11,Turn for wish modern point else wrong.
22,37984,1691.19,12,Myself talk part choose.
23,30067,1156.37,2,Culture mention race compare.
24,49680,1777.65,14,Any policy too own unit degree.
25,39797,1490.23,12,Career if raise your.
26,33765,1130.32,5,Way meet very fish score say size.
27,12938,870.48,11,Likely seven fast point.
28,13481,1532.85,8,Stage cup above they.
29,35036,1225.72,7,Name guy time class.
30,45566,1669.86,7,Technology dog itself.
31,3363,526.67,7,Sea pattern huge.
32,26679,170.93,6,Cell career rather fine guy ok because film.
33,49850,1964.55,2,Memory they none our service opportunity.
34,18394,1209.63,10,Indicate voice level above street.
35,8283,957.55,9,Across message store.
36,32405,122.82,9,Food surface fire.
37,36329,268.54,5,Similar despite.
38,15926,1941.44,6,Really lot yeah address.
39,12345,707.33,15,Mouth laugh time American dark.
40,30793,1017.5,7,Woman poor former result yard.
41,8020,1501.05,4,Hand sister recent.
42,48044,996.01,6,Billion sell such bed.
43,25928,933.14,9,Record push along one.
44,9284,1306.92,9,Air research skin.
45,45294,1026.81,4,But back series entire.
46,48316,1179.78,9,Their ball design.
47,35207,1623.85,6,Nation reveal house require financial.
48,28790,1622.29,3,Some part protect improve.
49,3969,705.04,14,Degree subject amount popular.
50,44527,635.27,1,Sport remain me choose.
51,43897,1998.09,13,Style strategy culture.
52,39440,1378.38,11,Edge chance city fire line nor issue example.
53,48545,596.66,4,Everything coach the share professor.
54,34485,1350.53,13,Herself seat western.
55,43732,1199.81,7,Doctor million case them.
56,32076,1116.44,14,Available develop.
57,3916,440.4,7,Wall financial right career avoid.
58,4757,1302.23,12,Dark city from.
59,7551,290.34,3,Arrive term should company.
60,2607,1471.93,7,Play agree learn suddenly image.
61,36052,231.2,2,Fund learn very never.
62,1283,102.6,14,Community include right.
63,48498,327.02,12,Prove house food.
64,34146,1181.0,13,Market window behind now.
65,34608,1635.5,4,Stage sit rise Mrs.
66,1308,543.88,9,Region wrong economy brother.
67,44753,34.18,3,However already number force.
68,16673,587.24,5,Realize campaign here service.
69,41884,747.24,11,Generation born most inside medical.
70,23357,1870.89,2,Effort notice event traditional at.
71,14412,1767.45,13,Place another from position.
72,2920,577.8,15,Claim us college provide.
73,19723,1523.07,1,Debate sure away within fly however.
74,14433,78.29,4,Both company worry any.
75,29105,1277.3,14,Crime option here teach source agree.
76,46711,1025.06,15,College computer movie.
77,32138,1991.84,5,Much brother south attention.
78,3016,1881.66,12,Pull laugh look major.
79,18536,1738.96,12,Citizen read anything five message.
80,39416,1373.83,7,Yard behind course team blood.
81,18054,622.08,4,Pm hair occur.
82,48740,339.39,10,Medical fear statement.
83,2771,31.51,5,Help call young specific decide.
84,16831,264.49,6,Ahead and politics appear form.
85,27922,1324.22,7,Wide answer account.
86,16650,168.6,2,Say someone similar.
87,49554,1922.87,15,Measure want since risk certain.
88,9147,1930.13,8,Sense say front recently main people.
89,36603,1387.37,3,Wide up owner police.
90,20948,1697.86,9,Page soldier statement night.
91,13326,97.67,1,Us four Congress goal.
92,49272,914.42,3,Skill in miss end report way impact.
93,3375,1573.66,14,Everyone financial hope.
94,18035,1822.84,13,And item fall forward population.
95,43072,703.58,1,Short visit reduce.
96,20289,563.59,13,Ball effort as car degree.
97,36683,633.78,4,Information door institution low owner.
98,10532,1118.47,11,Cut air through news out.
99,21734,489.64,3,Benefit new should nor.
100,44252,1812.27,14,Information majority gun.
101,25160,1988.66,7,Agency rise detail old.
102,16956,595.51,8,Pattern star point picture religious.
103,26939,1123.73,14,Article operation choice poor market part.
104,30375,1167.75,13,Guy rock knowledge apply first not.
105,43382,506.27,14,End suddenly do.
106,39237,975.69,14,Eat reflect summer include.
107,3829,1401.91,4,Side wish garden left.
108,18127,800.92,10,Close hair send. Speech check reason question.
109,35460,1809.17,7,Nice too economic cause laugh.
110,28967,860.84,12,Few section know.
111,17185,648.34,13,Build material sure.
112,46110,784.2,10,Democrat fear loss item house interest every.
113,48392,1147.79,5,Young program similar win.
114,48357,1237.18,6,Including base measure particularly.
115,39972,696.78,11,Make forward as another.
116,842,1222.33,7,Her wish amount bed.
117,49605,958.57,1,Why black stop federal this.
118,9110,1501.48,9,As ago but truth plan significant.
119,45087,731.46,5,Involve dream turn live share.
120,3266,1973.76,5,Investment school.
121,32513,832.5,13,Why help you make point factor.
122,34638,788.07,4,Environment over kind job take.
123,30123,1638.42,1,Performance thank effort say.
124,25358,1719.5,1,Sister around others one TV every.
125,18744,556.26,14,Meet mission hold and.
126,1854,965.48,10,Continue him.
127,1559,471.31,3,Check prove lot game.
128,38819,1802.95,11,First authority cover hold.
129,25995,1278.29,14,Down itself could individual who.
130,38909,846.12,10,Identify draw star feeling.
131,32829,1044.5,11,Writer young heart grow owner.
132,7980,814.6,1,Board top tax above.
133,37658,1902.35,6,Low nature daughter rich have window out police.
134,26007,872.91,6,Subject night no answer night.
135,14612,230.58,4,Hot half bit.
136,48150,108.71,5,Another article skill nation.
137,20732,1636.14,4,Truth behavior fill economy establish tree.
138,27966,1613.38,7,Change around safe out skill low.
139,31087,1067.59,11,Sell defense seven.
140,754,228.35,3,Create view wish power.
141,1621,930.12,13,Stand offer will board.
142,27703,1837.86,15,Change our bed same.
143,25746,946.21,7,Defense act table which major possible.
144,47398,1483.07,12,Then agree reach Republican.
145,42636,1937.22,14,Recent just cultural.
146,38374,79.61,15,At teach sort exactly tell.
147,7215,1826.68,14,Worry attorney another draw.
148,39934,575.35,7,Cover offer break perhaps social.
149,13838,1720.43,13,Area nation here bit.
150,19798,1579.97,13,Level adult scene.
151,35336,1407.87,7,Board believe during argue forget.
152,14247,1908.69,11,Someone father write since.
153,48604,1365.33,12,Pass hand bad could. Way draw community.
154,29919,356.25,7,Senior reveal think with range.
155,13901,247.84,8,Recognize our bit.
156,33949,388.66,5,Several there role crime buy we.
157,38048,1766.26,10,Hand itself audience news.
158,27344,172.94,5,Blood risk value girl ok.
159,30206,160.67,5,Certainly bed can move.
160,17410,223.16,8,Hotel its keep same.
161,24335,1457.15,13,Security friend.
162,15475,716.73,2,Note nice next other person.
163,22732,1433.06,3,Full fund material.
164,25473,597.71,11,What fish weight.
165,19110,688.67,7,List we force I suddenly day term.
166,39653,1626.21,8,Film chance total.
167,8319,1497.38,2,Tonight spring offer.
168,9534,117.98,7,Share operation catch.
169,17132,153.23,8,Add friend office should.
170,32712,944.73,10,Major recognize tend.
171,41622,923.97,13,Care author citizen six.
172,22746,1704.87,1,Say term rock black suggest increase four off.
173,18147,1657.69,2,Send doctor certain traditional avoid.
174,29751,1574.43,7,Form arm than war yourself its.
175,26917,319.95,3,Push wrong us would wall.
176,11626,1485.61,13,Actually soldier three follow.
177,1943,880.05,11,Foot fund information book.
178,18552,1388.66,1,Buy team relate federal.
179,1335,1865.75,7,Area language media.
180,11457,186.24,5,Suggest generation once.
181,7539,358.54,3,Ask once back administration different.
182,17252,731.49,3,Player night senior mouth including Mrs.
183,22968,510.42,1,Ago affect husband thank.
184,35912,14.48,7,First food name service a.
185,41298,1975.18,4,Experience of state hour follow even.
186,6557,1635.71,14,Subject from tonight.
187,49562,1872.31,1,Our great eat than.
188,37506,1638.36,2,None keep wish one fire soldier finish.
189,39857,653.74,8,Have fact feel girl.
190,16427,65.33,14,Look response need.
191,49204,995.6,3,Try audience fish middle.
192,14561,1848.15,13,Peace head big pressure.
193,49648,785.47,15,Either arrive then.
194,40266,159.16,9,Degree line fast.
195,44844,1081.42,1,Politics draw leave.
196,27912,44.78,12,Oil several spring significant fire fall.
197,9094,1842.36,5,North media good ever ever.
198,26590,1177.67,11,Face Republican seat dream.
199,45016,511.7,1,Wind around very property.
200,48231,900.47,6,Weight ten themselves show international like.
201,25462,937.39,9,Sit forward in idea.
202,17281,462.55,14,Laugh seven me hour.
203,31461,1078.58,8,Skin book which general.
204,33037,1381.34,10,Lose own product suddenly.
205,1261,1453.18,12,Matter think star.
206,10633,392.52,5,Actually listen high south need.
207,22694,1120.79,1,Among animal box garden yourself box.
208,40072,86.38,1,Itself best dream participant.
209,25819,1917.69,2,Serve to stock these set.
210,28557,353.26,5,Property adult race.
211,45973,138.26,12,Court factor quite.
212,34202,415.69,5,Appear girl next recently.
213,16038,319.02,9,Off note style.
214,41777,1120.19,5,Agent prepare choose.
215,25261,140.64,7,Position figure find.
216,2091,1284.68,11,Player country order thousand.
217,4189,178.81,14,Research town citizen in.
218,18846,1161.26,2,So both teach nation.
219,32414,1598.01,1,Result there various government.
220,23706,1791.47,13,Any hair service ahead name.
221,37749,1117.74,3,Hear firm stock region.
222,8030,736.75,7,Eight stop if billion.
223,46855,778.09,14,Wonder once learn employee.
224,20963,572.7,2,During tend to without.
225,3334,524.12,6,Land cup threat treatment.
226,7876,200.56,9,Last try eight window big seven.
227,41960,1129.52,5,Forward enough brother mention staff he.
228,30613,877.83,13,Scene kind full.
229,3941,1837.11,2,Federal close each much money.
230,18816,624.06,12,Price experience threat say.
231,4369,1091.21,15,Painting question low analysis both phone.
232,43767,248.49,11,Responsibility check box color.
233,46852,1900.69,14,Before population product believe.
234,36807,1012.25,15,Staff why argue pass.
235,38039,1590.34,1,Current model two.
236,26097,976.54,3,Drug much project at anything.
237,30631,1503.03,15,Offer four dream improve.
238,21361,667.8,15,Outside watch cause arrive base wonder.
239,39300,1896.13,8,Lawyer majority that resource order fish.
240,7552,905.36,1,Defense decade positive.
241,27555,426.64,15,Space off young.
242,21280,219.54,1,Listen defense well true.
243,1441,149.42,3,Son clear affect memory article arm into.
244,28477,530.65,10,Half education practice.
245,23356,1234.84,6,National decision sport.
246,26618,935.46,3,Itself goal any why.
247,6841,377.85,5,Physical raise chance.
248,22768,70.62,6,Set down quality.
249,18797,485.03,3,Skin project like.
250,21143,589.26,14,Doctor talk class so.
251,29337,1705.29,12,Step bad somebody not letter.
252,47633,1007.54,3,Analysis idea but born pick.
253,13967,1434.52,2,Seven of agent food.
254,30513,1512.3,6,Wrong way finish main face.
255,28105,1270.5,15,Nothing Mrs alone brother.
256,8313,1283.32,8,Necessary window four so.
257,2434,715.62,8,Talk wrong reduce name.
258,8587,662.99,9,Many eye ready seek voice.
259,24129,1325.6,9,Task seven maybe whole.
260,3038,1998.86,7,Hope past positive drop miss somebody.
261,8444,1338.33,2,Despite for.
262,2877,963.9,7,Weight focus live.
263,15077,218.71,8,Result set table do.
264,19201,1658.04,10,Natural church son ability.
265,43051,644.96,11,Authority value glass.
266,39882,372.67,3,Use least glass.
267,13970,588.82,11,Between control owner number.
268,40116,860.66,6,Someone prepare that.
269,22999,1614.31,9,Trip from now general front agree.
270,14077,563.85,4,Three help leader per.
271,8516,1426.09,13,Describe require imagine training.
272,28667,1367.19,15,Page part could.
273,23372,914.35,5,Sense leg argue.
274,3049,700.18,3,Real body look ago foot she many country.
275,14969,1989.93,10,Source ask bed.
276,19311,144.19,7,Again traditional popular color.
277,16301,185.78,1,Hospital Republican key.
278,33586,357.32,2,Nor few reach station market.
279,48194,1787.88,2,Mr he on bank.
280,9953,799.05,3,Boy always help someone middle win.
281,15464,1675.33,13,South suggest fear.
282,37573,194.49,1,Team page even performance why so if.
283,38586,1769.81,4,Score account describe.
284,35266,1820.83,14,Rather city little.
285,21652,912.25,14,Table operation manager.
286,26423,1708.53,14,Read according arm. Few which speech.
287,4975,714.83,6,One we beat whether.
288,3940,980.36,4,Her walk score place current.
289,10148,1494.76,4,Institution myself whom performance admit hit.
290,6307,756.06,10,Life bag thus well real operation church.
291,25673,15.77,7,Pass responsibility able may.
292,40660,911.57,6,Pay oil beautiful name for ability.
293,45792,453.79,7,Study identify.
294,21428,451.88,12,He go also against job.
295,19265,775.09,12,Officer drop.
296,15196,68.49,10,Manager draw enter cause.
297,26618,607.29,14,Organization figure base should.
298,16066,1246.89,15,Eye however old draw cold energy.
299,30228,1485.69,12,There old woman.
300,12700,838.2,1,Value office a billion evidence.
301,48603,1385.84,9,Race character start.
302,24232,470.85,4,Car tree sound himself.
303,46638,1120.4,11,Meet quite machine nothing.
304,21997,1359.09,4,Grow low structure require.
305,42749,1702.16,5,Finally radio pay concern.
306,10345,218.78,13,Kid and your community.
307,2305,1170.44,2,Area pick establish once hour.
308,34154,615.09,8,Color choice than address season.
309,31510,801.89,14,To and through report early.
310,2726,1302.17,13,Pressure energy save speak.
311,9737,1118.1,8,Two claim nation officer black letter.
312,2292,867.29,2,Exist seven toward as.
313,8469,1098.07,5,Pay south push charge month forget.
314,27363,1755.65,3,Set performance back enter.
315,12310,1380.94,15,Politics pick kind.
316,49354,1887.6,3,Role teacher accept.
317,22813,307.45,7,None class bank.
318,16458,1691.59,3,Case use it might.
319,16276,382.13,11,Quality course military.
320,1252,1608.2,14,Listen beat amount source.
321,48462,1550.46,11,Painting support hard garden movie.
322,2832,673.36,13,Number organization region.
323,31833,1532.37,9,Discussion race.
324,9169,913.94,7,Edge safe real.
325,45346,1749.5,6,Page simple fly cut market nature son.
326,11285,1068.6,12,Response remain I million.
327,40058,1331.91,1,May also suffer become.
328,2260,1859.18,13,Child help right expect.
329,1289,537.86,6,End light board peace happy.
330,37332,703.81,5,Which base court miss. Up able increase join.
331,11902,410.74,5,Gas staff serious door note.
332,34700,1014.38,1,Guy actually fly decide money young.
333,41025,1798.58,13,Appear none budget may work.
334,45957,245.07,3,Production animal.
335,23298,841.7,1,Environment others or land.
336,23900,32.6,8,Ground alone listen still.
337,35182,221.37,5,Necessary open agree.
338,21904,1591.41,15,Provide teach why walk.
339,35108,1793.88,12,Analysis practice who.
340,300,591.71,8,Total down challenge network.
341,40542,341.89,2,Clear music successful stuff.
342,25039,738.58,12,Worry song in author.
343,3627,100.22,14,Reason something talk.
344,26451,444.38,5,Station money plan. Break phone travel.
345,10451,1989.54,2,Fish peace require.
346,35679,1762.0,12,Affect page ago one develop.
347,19245,868.94,6,Challenge ready new.
348,49964,69.99,5,Ball sister improve.
349,16128,363.59,4,Realize long most camera. They will item.
350,6968,881.92,12,Court generation here certain.
351,3490,1903.99,6,Appear behind house thus east.
352,26662,1673.58,2,Capital month view over.
353,10399,315.59,15,Lot century conference feeling.
354,20185,1064.54,10,Eye four what magazine.
355,32875,427.95,2,Drug wish actually resource rate.
356,422,627.75,6,Better successful.
357,12640,1668.22,1,Somebody job political almost age.
358,36393,1072.06,10,Ever if street us.
359,45293,1534.81,1,See green later imagine.
360,23800,1381.25,5,Majority night seven community.
361,21049,942.05,12,Much energy treatment her.
362,20758,1567.57,1,Wait season skin miss sign eye.
363,28510,434.89,5,Strategy artist federal drive hand career.
364,40296,1713.95,15,Situation firm everything operation.
365,26302,788.72,8,Sure thought figure mission by.
366,292,1457.5,12,Enjoy chance road agree.
367,14823,582.46,1,Drive unit improve hair country mean.
368,18894,1463.3,1,Cold west do project early.
369,387,1775.5,7,Why common rule.
370,40684,93.28,15,Person still ground hold.
371,29403,1003.92,4,Really claim member method.
372,46872,1148.05,8,Small network human guess.
373,41205,1047.39,7,Much win major pay.
374,9557,312.6,11,Need why beautiful usually.
375,37730,350.45,10,Travel audience personal.
376,44343,1362.52,3,Civil government development.
377,39313,956.22,4,Only gun write my political.
378,14850,784.79,14,Growth technology top get.
379,43017,1626.21,6,Thing war tough hot arrive.
380,39980,430.36,10,Program among same your.
381,25147,1619.0,1,The hand various.
382,3465,307.25,10,Continue lose wife wait.
383,33301,1153.61,10,Card style forget.
384,10006,1370.18,14,Order left southern.
385,40077,1861.04,8,Bank nothing her southern box without total.
386,25089,1842.57,12,Hit trip its just.
387,13057,1375.49,5,Have ever international in already home why.
388,24508,1770.92,6,Million kid five eye sea.
389,13774,225.39,7,Member seem real happen speech.
390,28884,305.5,12,Fire leg left music.
391,14029,1608.68,13,Task ever cover.
392,17935,77.85,8,Record standard black sound team.
393,23879,1138.65,6,Song always catch else car card foot.
394,20003,562.41,10,Sound fall open.
395,44710,825.56,13,Brother man its new news.
396,10971,1252.61,1,Hospital everyone only.
397,49377,1999.74,5,Space cell network box.
398,34885,154.53,6,Oil sure sometimes will.
399,6739,1365.2,14,Each mission stay north Mr on.
400,2823,803.88,4,Read pull young particular.
401,30177,1827.92,8,Catch require require.
402,16196,1084.37,11,Like can activity.
403,5796,1419.6,6,Other well natural single main.
404,42015,1604.25,12,Gun success simply despite.
405,18414,428.56,15,Thank or poor rule.
406,5949,839.42,8,Community million night baby she run.
407,23156,1734.0,13,Than and across eat.
408,2961,1234.21,2,Success management very just.
409,45641,1779.59,8,Smile chair anything.
410,11323,811.68,3,Air quite beautiful.
411,49157,1173.47,1,Spend forget spend be.
412,9676,888.33,8,Perhaps show deal town serve.
413,28476,1753.41,13,Hotel conference professor network.
414,1049,119.0,13,Surface goal former.
415,43939,668.38,1,Fast account music soon.
416,22492,1289.66,7,We six establish friend.
417,29332,1379.0,11,Up town write product.
418,7725,1187.68,15,Floor hand whom compare.
419,6682,556.67,1,Direction remember.
420,42810,622.58,2,Board letter.
421,47006,122.35,5,Person natural commercial.
422,9491,513.55,1,These practice class.
423,38298,802.49,2,Off local matter yeah happen.
424,9564,1300.64,9,Young top fight believe.
425,49697,1947.12,12,Keep often camera cover the song ago.
426,20589,169.26,1,Right day clear hot risk.
427,28330,1201.95,10,Sure floor begin sister wonder.
428,9842,1696.43,13,Figure officer series best.
429,21026,968.57,15,Area ok lose standard.
430,9440,1768.86,3,Difference key tax.
431,45336,428.3,10,Can ground sense add imagine remember.
432,35275,1003.42,9,Land later fish ten.
433,37268,767.11,6,Image how store budget.
434,13941,1959.2,8,Around woman sign business chance season.
435,37204,446.4,10,Think opportunity deal fine.
436,14926,1194.34,13,Away significant score staff speak.
437,32562,1217.82,15,Woman send sometimes rock tax well.
438,34329,1617.65,7,Its ever center kind natural.
439,27523,1815.75,10,Draw born deal thousand consumer.
440,14466,714.31,11,Could though feeling.
441,42721,512.47,11,Street black gas debate.
442,9586,1795.25,7,Morning probably expect daughter always.
443,10632,1381.54,7,Agreement entire sea book least.
444,21450,793.99,8,Mention relationship degree authority.
445,26307,805.43,10,About whose travel.
446,1388,1044.24,1,Talk eight since true.
447,1123,135.11,15,Grow house world region next.
448,12715,1826.09,7,Agreement capital strong account.
449,3576,133.78,7,Detail feel end would science.
450,45860,780.66,4,Right woman you measure.
451,46570,54.46,6,Five whether sort.
452,44168,1412.56,3,His write page service.
453,16366,187.45,15,Road space movie manage.
454,18605,1268.87,7,Create their on brother indicate voice one.
455,29228,601.95,6,Will seek find.
456,22821,531.21,9,See husband little.
457,23011,1985.93,10,Unit approach real month reveal happen.
458,4718,245.05,13,Attention idea.
459,628,291.71,13,Television know support at skin while general.
460,12033,295.73,10,Especially site box kind ready.
461,49200,592.55,1,Ball institution movement tend turn usually.
462,28554,118.03,3,Talk system various.
463,13267,1371.39,3,Management conference place.
464,22353,1975.08,11,More activity.
465,49746,1288.6,4,Himself ability guy.
466,6463,1300.01,10,Development ten floor.
467,30592,1187.01,2,Evidence call not may.
468,11647,528.43,3,Kitchen I eat action.
469,30195,188.07,13,Artist set election issue could action.
470,4963,1676.4,12,Without husband grow feel.
471,22775,1838.73,12,Surface key radio piece ask skill.
472,47795,115.45,14,Form I think three.
473,49592,81.49,7,Tend try old nearly.
474,38756,324.0,14,West gas speak a.
475,28644,112.25,6,Way safe research off.
476,38270,671.57,3,Within by serve.
477,43208,314.78,7,Not west staff.
478,1157,937.39,10,Fund head direction bit fight.
479,25797,1045.83,14,Central cell give.
480,21462,880.5,10,Could similar road.
481,20533,727.77,11,Fly eat affect section.
482,46403,442.8,2,Whether music peace kind occur.
483,657,1111.11,15,Direction recent sell.
484,17963,1746.87,1,Reality add protect.
485,14984,1605.72,8,Plan discuss while give cup.
486,3918,193.94,15,Serve early hour go bed.
487,45895,1723.32,1,Focus like direction.
488,43347,1243.67,7,Expect site realize.
489,39598,680.0,6,Opportunity baby result product.
490,38771,1716.14,2,Out whatever many produce claim.
491,30238,1547.96,11,Language say bag.
492,23792,1263.19,1,Challenge focus.
493,49766,1462.91,8,Professor school get capital.
494,15470,1878.39,13,Yourself at break each.
495,41830,1626.13,2,Suffer wonder long.
496,14279,1576.45,15,Home pressure ten market north gun listen.
497,2725,450.26,2,Behind why late set.
498,43603,1085.81,1,Worker among list meet sea.
499,46439,1206.46,12,Recently girl color.
500,24937,1327.06,2,Figure true light.
501,25149,1301.67,8,Team since few affect activity.
502,16780,1431.02,4,Democrat as risk tree wind ok information.
503,9100,1563.69,14,Spring establish.
504,16919,1190.44,15,Bar message drug near.
505,38207,1160.76,12,Group so person share attention push.
506,27830,580.98,13,Fish seat final have.
507,32094,838.23,3,Edge live myself reflect.
508,30518,1621.3,12,Then deep large wide.
509,4159,1087.57,4,Certainly heart building.
510,33463,639.91,4,Mother expert never movie.
511,3352,1264.43,7,May political new course.
512,38163,503.29,1,Assume mouth cold.
513,13726,1826.48,1,Beyond image me lot.
514,4372,551.92,1,Standard artist sort part color.
515,30224,76.28,11,Office space year who.
516,2560,1895.54,9,Gun court natural full trouble future.
517,40746,378.08,11,How trial public idea.
518,9942,290.95,7,Material ten help guy machine.
519,47675,995.09,11,Discussion party discover.
520,18817,1074.58,10,Partner paper new parent.
521,23336,1128.39,5,Surface my purpose hot.
522,25535,1557.42,5,Place travel attorney contain family.
523,17159,1018.1,14,Method cold answer yard.
524,19473,1564.81,2,Think court hit bit assume.
525,4790,990.8,5,North understand indicate memory.
526,13686,1336.29,14,Media nothing three success.
527,30177,1777.37,9,Artist adult sense former.
528,26590,846.82,11,Face chair until operation.
529,37819,1242.84,4,Actually rock travel.
530,2699,1235.46,13,Economic yard join.
531,11117,843.98,4,How trouble forget whom special.
532,19902,994.11,3,Building rather son bar unit onto.
533,10398,138.89,2,Certainly couple.
534,32810,719.17,8,Fill sing imagine.
535,23619,1544.93,15,Eye move card cover.
536,49493,524.19,6,Sell least form relate.
537,49449,1446.41,2,Here however cover.
538,263,994.56,6,Learn camera be necessary.
539,600,164.03,1,High movie recognize wonder.
540,36751,949.62,12,Share what beat grow.
541,34977,284.87,15,One pull me model back school.
542,31275,1137.72,12,Season over huge.
543,22763,350.87,13,Series successful its learn.
544,48570,1972.82,13,His society whose.
545,32818,690.9,2,Travel theory them.
546,29907,1809.51,5,Game their finish.
547,36921,1147.82,4,Along discover.
548,6924,1785.98,13,None across throw well.
549,24395,568.83,6,Daughter suggest might them.
550,14567,1976.87,13,Last southern figure stop.
551,40464,451.06,6,Economic follow popular share.
552,21701,30.65,3,Do describe draw lead.
553,9198,1745.86,7,Chance box yeah join.
554,24599,24.08,3,Light color board.
555,4770,1301.05,12,Recognize message.
556,31863,440.1,10,Line next city together.
557,14105,699.99,4,Receive might model.
558,41295,1311.43,15,Whole gas who close near.
559,34292,1743.35,7,Seven care himself also author.
560,48605,637.26,11,Page professional way.
561,45992,1339.55,9,Each to thousand quickly wide notice agreement.
562,5673,665.93,14,Seat sure time money whose.
563,26654,1540.11,11,Fast too well difference health.
564,12282,264.16,5,Power or life across.
565,35505,1962.68,13,Program economic.
566,13074,438.82,14,Success same around she.
567,5885,391.35,12,Author somebody from spend best.
568,21963,363.03,12,Area bill better any help.
569,7499,1159.95,3,Cut plant start not site debate save.
570,9866,1093.99,3,Want five get.
571,44921,1085.35,3,Eye short also statement.
572,3421,398.89,14,Weight enjoy industry eight person.
573,15234,1123.89,11,Factor bag meet few miss.
574,2195,1676.15,8,Mouth hope top require. So onto well dark.
575,22502,1503.59,3,Political hold society.
576,36968,1738.61,6,Tree fund raise health.
577,46216,1447.56,15,Hotel community else.
578,47779,1688.43,5,Plant collection choice.
579,37473,20.77,13,Small cut serve.
580,32420,493.07,12,Then doctor century hour able.
581,833,1028.35,5,Not behavior over sometimes though usually.
582,1874,787.07,8,He benefit medical here.
583,47124,1977.98,9,Low value find performance.
584,31850,821.57,15,Such help degree parent.
585,21776,1554.79,10,Wonder safe factor discover computer.
586,39917,1871.91,10,News western power recently.
587,38782,1736.73,12,Lawyer will since region lawyer.
588,23304,1820.95,8,Care myself sell late. Subject film remain.
589,28127,793.34,1,Begin lawyer hand yeah.
590,15343,1322.13,7,Former news book.
591,7898,1843.7,3,Figure data standard hear red seek.
592,17277,1674.57,2,Street gun law Republican.
593,18511,304.31,10,Also address start.
594,11878,1668.33,7,Population technology run economic such.
595,1207,1112.16,1,His scientist employee seat.
596,19499,1001.71,3,Newspaper sport several trouble.
597,14118,73.52,10,Dog American arrive director game land.
598,33998,1643.27,8,Several something.
599,15412,1202.99,6,Claim while however miss wear.
600,1655,1283.24,6,Doctor resource approach health likely.
601,11905,1442.25,15,Between company level defense Democrat result.
602,21242,1786.55,8,National big mouth training he.
603,8246,931.19,14,Onto face history recently.
604,29729,1057.89,11,Out have model past attorney hour.
605,4038,1223.42,10,Market interest significant.
606,5176,1945.63,12,Low establish all suddenly move with.
607,2054,1552.23,14,Yourself share student story.
608,27642,1763.7,5,Force gun study price Republican.
609,21251,1764.44,11,Any relate say peace easy enjoy.
610,1822,1380.7,8,Always culture gun at.
611,4214,1658.31,12,Event public us half.
612,29794,97.8,12,Method physical reflect.
613,46061,470.01,1,Laugh mean door yourself.
614,27576,759.63,8,Vote fill tell thousand.
615,24386,313.27,11,Growth ball share among force.
616,6678,681.25,11,Receive within gas.
617,17908,1382.16,10,Who push material late employee.
618,20294,811.97,14,Success walk million attention.
619,49910,1862.98,1,Matter bad end center share.
620,41366,486.7,3,No draw size.
621,15071,1548.18,10,Pm approach politics so.
622,39642,1035.28,12,Change painting.
623,28845,284.07,10,Success time stage.
624,37077,1228.75,14,Main either listen recently specific.
625,17091,1089.67,6,Only option method include.
626,46553,1488.51,14,Stuff suggest town break.
627,26613,419.06,11,Star worry church exactly.
628,12542,531.21,11,Area table start level control clear.
629,4864,509.46,14,Century that bit board.
630,24690,1878.92,14,Road boy many resource.
631,28827,1499.01,8,Success step five.
632,31099,366.75,10,Act quickly develop return.
633,15498,1379.72,11,Pay man yourself attorney race.
634,3055,1202.84,8,Whatever address.
635,10628,219.2,13,Tv sign with kind hand.
636,38864,1308.94,5,Kind consumer book wife idea begin walk.
637,17425,654.54,1,Participant job today.
638,2341,869.84,1,City any of whole.
639,18646,349.87,15,Girl institution ever pressure cup.
640,49,1343.58,7,Benefit tree person end.
641,21003,1913.19,12,Peace behind view at her course.
642,24510,1309.22,10,Fear ten break as thing.
643,23217,327.45,8,Know program able join.
644,41530,1970.73,11,Against among view.
645,36705,237.88,11,Individual way.
646,23627,392.49,5,Degree edge should.
647,48848,607.51,12,Help attorney firm.
648,28405,1329.73,7,Person foot mission owner.
649,10210,871.54,15,Author left check recent again.
650,42919,276.4,15,Test cell race feel.
651,21932,285.78,11,Beyond real bar fund.
652,19609,1252.49,15,Old agency morning site as.
653,1012,1361.98,7,Clearly these anything morning industry.
654,15686,528.21,11,Test really wide feel.
655,35811,563.99,11,Pressure could music.
656,37711,1953.68,6,Matter cut across carry.
657,23723,689.74,3,Trouble capital could next own least feel.
658,44849,1603.27,13,Or although sometimes base forget lay.
659,10370,348.31,12,Huge remain decision.
660,33968,910.64,10,To federal feel respond important of.
661,150,657.88,13,By upon test result.
662,19259,359.59,14,Cause report seek single.
663,22533,1797.45,1,Yourself door idea school.
664,33660,266.48,6,Number building read current board.
665,8072,841.79,15,Example seem cause enter.
666,31434,270.48,10,Among director onto represent.
667,35408,396.32,15,On able goal side surface mother skill.
668,45640,712.46,1,Along fill final.
669,39278,207.47,3,His somebody into present art.
670,40178,1858.82,12,Friend before to.
671,34284,1224.57,12,Imagine relationship.
672,48394,1289.38,14,Baby fine majority.
673,27001,967.4,5,Item more forget central son.
674,28439,1645.73,8,Single despite measure memory piece and.
675,1138,1087.89,10,Various special someone firm.
676,27982,183.84,8,More parent relate five full movie look.
677,49171,609.02,11,Government goal black maintain.
678,1763,1313.07,2,Nothing try him trouble.
679,11614,677.91,10,Deal agency stage for.
680,43843,1477.2,11,Study quite record fill.
681,9796,1646.55,12,Still bill hold style.
682,17697,992.56,2,Up share cover.
683,28747,946.04,12,Attention to not.
684,729,685.79,11,Support garden wish line plant.
685,49249,884.79,4,Himself candidate protect quite picture.
686,6284,1191.94,2,Treatment recently reason.
687,14116,509.64,1,Quite hear watch.
688,38074,970.86,9,Build type read.
689,3155,237.92,5,Leader thus church bed big. Beat could win.
690,10943,83.85,5,Affect street culture.
691,11213,724.27,4,Low serve participant.
692,46382,1805.64,11,Set yes one late.
693,33943,1708.39,9,Art ground day inside.
694,14220,373.28,15,Pressure city race grow author rather food.
695,13510,1606.89,11,Share back like.
696,8046,620.9,10,Everyone song after.
697,8521,1931.69,11,General miss lead reality.
698,25680,1275.2,14,Almost behavior trade arm.
699,28963,1101.4,5,Nor ahead upon.
700,38554,1067.24,2,Data defense thank.
701,14496,965.2,4,Quality hard marriage nation.
702,14316,1822.37,3,Much place there point.
703,43741,1961.91,12,World body foreign understand pass conference.
704,17546,816.16,1,Environment rise senior weight foreign.
705,47449,711.94,15,Exactly range attorney suddenly front reality.
706,24722,1790.07,4,Laugh name machine public.
707,28147,398.16,1,Doctor believe attention west financial.
708,15581,627.73,1,Late record paper modern put science.
709,13664,1343.87,11,Point degree music.
710,29218,244.35,6,Speak ten risk practice.
711,7224,71.48,3,Agree institution serve.
712,22721,873.45,10,Design very particular data scene per and risk.
713,37926,1480.98,9,Degree above its law focus any.
714,19206,529.36,9,Some participant.
715,17306,1805.06,12,Wide story page improve even foot.
716,22119,890.64,9,Drive meet worker.
717,43200,1580.27,10,Return pull indicate.
718,8176,649.75,12,Inside poor event hope.
719,4632,1355.26,15,Believe hit beautiful laugh.
720,46920,1458.95,3,Language federal worry receive size yet.
721,38163,898.95,8,When sense out. Agency indicate believe thank.
722,23300,1753.89,12,Man Congress meet art event between.
723,8944,817.71,5,End bar artist six amount.
724,43850,1623.15,6,His tree choice sort pay include.
725,6978,513.34,7,We foot event court.
726,21450,125.63,13,Soldier nor all right dark.
727,31626,96.31,6,Weight media see.
728,29930,431.02,6,Past speech ok including.
729,33275,1148.46,8,Consumer few force.
730,37838,979.73,14,Smile as yourself dog.
731,4069,551.76,10,Probably people through.
732,43242,427.6,4,Hour wind nearly.
733,13199,706.37,5,Sound room start theory amount.
734,11629,1353.92,5,Media determine national never.
735,6098,209.35,2,Collection main onto enough once.
736,38433,1514.68,11,Inside middle realize along.
737,26582,1001.98,9,Indicate story tend particular.
738,43829,799.61,8,Democrat he officer when.
739,39335,1469.64,8,Bill share project.
740,9483,1840.37,4,Billion much single different as.
741,29583,205.77,4,Building up shoulder join.
742,20398,1986.11,1,Foreign role anyone.
743,49688,337.34,11,May him four size audience.
744,3538,777.61,4,Real perform we buy age someone expert.
745,23403,543.37,4,Camera never source able.
746,46887,1163.91,9,Product these particularly discuss.
747,43790,1839.91,14,Professor loss such Mr.
748,9957,424.38,14,More officer watch scientist write.
749,36701,575.12,5,Over eat cover walk family reality where.
750,36699,1806.15,15,Edge special guess interest just good.
751,33765,1418.7,12,Rather turn hear rock office.
752,21331,251.95,10,Father government special.
753,12323,831.74,12,Law when game.
754,34884,1614.34,10,Full player they effect.
755,25598,1259.55,8,Off article begin later above those chair.
756,26174,282.45,15,Kid capital tough son color bed learn in.
757,11538,1995.35,3,Perform listen to win.
758,35849,1344.82,9,Break themselves view interesting floor.
759,45087,287.87,3,Miss no society.
760,26566,613.47,8,Difference those rest group himself must arm.
761,37553,1002.24,10,Positive family claim parent.
762,7026,1955.5,13,Blood what.
763,24001,774.71,13,Hope three several.
764,33738,1761.79,14,Up seem sense fill time practice.
765,32974,1195.52,1,Parent director floor current.
766,45456,1421.58,15,Bill minute this really employee left first.
767,46712,862.28,4,Drop offer movement agreement.
768,10036,1192.71,13,Phone offer magazine part.
769,39734,1425.74,4,Upon reality under more.
770,7330,1379.86,13,Scene past minute here.
771,22359,1593.73,8,Assume Congress.
772,3430,752.53,11,Top claim about grow.
773,26637,817.44,12,Today southern citizen color cut.
774,14611,37.04,12,Thus size seek voice south.
775,38152,650.23,7,Blood student western them.
776,44397,1286.76,14,Class choice reflect power.
777,47275,1010.06,15,Better increase same.
778,35812,810.22,11,Market source class heart.
779,36786,560.73,10,Pass it system give issue should away.
780,28339,295.88,3,Stop involve way win.
781,1907,1964.62,4,Pull key hear board.
782,37543,170.5,8,Man admit safe season before medical.
783,2260,488.99,15,Hospital before better food.
784,20698,549.53,9,Myself ball around pick.
785,46817,395.46,2,Owner figure mother group.
786,12850,1966.05,6,Serve road white soon others society.
787,7817,1049.61,15,Loss themselves save once listen.
788,12945,1616.77,15,Current image federal end.
789,8973,1552.79,8,Level why bank.
790,24290,1659.97,5,Her however age bar.
791,30785,441.21,1,Eight attorney table perhaps wrong.
792,46659,547.68,9,Doctor produce benefit man pay him.
793,32545,1103.49,11,Law mouth reduce ability.
794,10447,913.23,8,Fly support.
795,44201,1409.69,10,Skin leader time page.
796,48892,681.49,5,Base here would.
797,37960,839.14,10,Civil game bank person few within.
798,42723,136.95,7,Act nor social special.
799,1877,1157.7,8,Entire quickly class fill left.
800,49187,1892.64,10,Congress government truth bring free.
801,10350,1144.25,4,Open week figure.
802,44975,1285.48,10,Lose you certainly.
803,27437,1452.23,11,Phone car go beautiful.
804,23452,161.26,5,Reality store.
805,45203,952.58,5,Southern such right to save.
806,23032,114.65,1,Benefit performance.
807,36332,807.65,3,Million ten fear.
808,15848,1723.62,12,Role play hold.
809,18805,274.12,5,Away feel new world certain.
810,5396,1585.98,5,Establish among plant any.
811,18976,199.13,8,Yes early hold find loss.
812,16716,496.54,12,Agency think even level water.
813,19612,868.64,6,Exactly chance society.
814,44745,216.38,14,Couple prove himself.
815,48975,1082.0,2,Detail kitchen suddenly answer both.
816,48173,1878.19,1,Standard change arrive when subject.
817,4827,1427.03,13,Quality book edge.
818,42111,1444.7,4,Treatment what common price pay.
819,29412,1152.15,12,Population say grow.
820,26099,1982.36,10,Seat require health only.
821,10675,842.09,11,Often executive assume something.
822,10890,1074.36,6,Game scientist fight.
823,39639,727.29,7,Real more coach.
824,2282,1320.81,9,Example include factor letter.
825,7785,390.48,11,Suggest easy own forget support.
826,5633,283.74,7,Reflect act suggest boy.
827,43776,1177.06,8,Also form ask stage wife send.
828,11128,1901.47,1,Simply son young wish.
829,18885,1657.21,2,Executive board summer.
830,10223,1759.53,14,That American color ten must.
831,38619,1339.47,9,Artist physical chance join owner.
832,23257,1323.79,15,Study mind also how.
833,48717,1343.14,10,Mrs me into program.
834,16699,819.83,12,Eat team say. Develop type act rule.
835,37425,1963.09,13,Power clear anything tonight.
836,48610,758.52,1,While picture discussion analysis.
837,22590,1113.16,1,Local upon consumer bed catch under.
838,5679,1066.49,13,Star win will agree though.
839,12010,429.03,15,Performance that military eat writer.
840,4668,1119.39,10,Clear begin wife. College stuff police top.
841,45956,1180.73,4,Authority call defense page point.
842,36762,979.45,9,Machine hope really.
843,1994,1523.24,3,Arm final really training other.
844,48304,1296.75,2,Recently woman around part somebody out.
845,18204,886.67,2,Itself open ten without.
846,32533,1008.01,10,Tough able budget.
847,45455,1400.97,12,Begin majority most receive sometimes.
848,45246,1163.68,2,Outside national only.
849,4315,373.12,13,For name alone low.
850,36856,823.9,12,So hold check event institution study.
851,25518,105.44,13,Two perhaps talk.
852,1255,53.77,13,Deep at deal outside mention.
853,37944,298.95,7,Environment arm long since middle.
854,28462,182.55,13,Nor understand certain own.
855,23256,791.43,4,Station put person difference information.
856,49942,1824.84,3,Tough animal social data.
857,48037,237.67,10,Expect protect local outside.
858,46378,727.64,4,Chair determine sister leader magazine.
859,27223,379.63,3,Century central lawyer market.
860,37551,1131.47,7,Public avoid weight.
861,12892,654.93,13,Director summer heavy.
862,32808,118.35,2,Not save own.
863,40608,1526.0,6,Hot kind guy little.
864,48313,340.21,15,Particular against him may until.
865,26162,773.11,6,Parent rule financial modern.
866,20006,1801.46,6,Miss song no attack resource.
867,49498,1740.18,14,History threat floor here worry.
868,8226,584.89,13,Education half wrong hold begin.
869,13895,234.15,4,Produce at.
870,19308,1782.31,4,Political just fly.
871,22214,1240.67,2,Cell doctor cover.
872,1250,1216.11,7,Never kind remain.
873,49980,750.27,14,Its toward suggest far example.
874,20100,1894.4,8,Than woman note personal.
875,17030,1615.03,5,Film become question gun guy could.
876,8357,1340.33,8,Family rest avoid commercial.
877,13169,1430.31,12,My mention wear series.
878,4908,469.25,9,Hundred degree hospital will.
879,13978,1244.88,2,Her thousand pick about.
880,17447,54.47,8,Crime economic tax.
881,9589,793.37,9,Maybe doctor important learn which move.
882,7929,1785.06,6,Whom those short chance.
883,40243,1709.35,8,Can down moment even pay.
884,15418,133.27,13,Skin necessary investment.
885,37582,1000.29,13,Each center good measure.
886,8186,1922.88,11,Book practice will.
887,27530,854.82,12,View service soldier stage.
888,38990,1123.6,4,Eye hard bed. American bed both.
889,17693,313.84,1,Economy market executive.
890,4965,313.35,12,Audience among much price stand fish.
891,15529,110.92,5,Ability moment team during leave around.
892,34373,128.13,12,Form him read.
893,26824,1239.13,10,Might purpose mind.
894,18,561.52,8,Enjoy interesting effect next customer.
895,37657,1379.43,13,Crime across woman take.
896,33096,20.78,14,Low spring benefit well ask suggest.
897,24200,904.54,11,Exactly force impact manager life Congress.
898,46556,974.69,13,Suffer need keep rather range.
899,11947,670.86,4,Positive father decide.
900,21435,403.93,8,During sing entire friend option.
901,8741,1607.1,4,Ask anyone effect either so risk.
902,28602,507.63,9,Finish go force whether just hard four on.
903,44492,244.47,13,Worry drop able manage road.
904,20258,909.85,12,Can nation seem.
905,6913,1628.61,10,Difference worry leave.
906,44315,1927.69,10,Financial significant memory ago eat.
907,4840,838.72,11,Item statement field relate stage table.
908,12203,1281.05,1,Production material fact be.
909,24183,21.05,1,Set worker institution writer voice.
910,43445,1154.9,10,Become such energy old word.
911,1892,311.27,2,Experience clear take sort.
912,19132,1607.67,14,West your tell fish now.
913,39675,1252.72,3,Music government son enough.
914,15756,1885.94,7,Task color here financial.
915,24496,847.05,9,Action break share.
916,20589,1683.99,9,Series set prove of interest.
917,23943,1201.56,11,Focus wrong group trip throughout.
918,20784,346.07,10,Trade deep anyone trade ability whole.
919,26733,1963.54,5,Term bill yes line probably.
920,26104,1242.63,13,Perform scientist step hear.
921,15153,644.7,10,A onto hope claim.
922,48770,1585.18,8,Nation visit drug media view.
923,32831,184.03,4,Eight true ever wrong.
924,1202,787.77,7,Down despite health better happen.
925,14603,1316.45,3,Action major foreign face follow truth.
926,25810,57.28,5,Tell I truth window.
927,22072,1893.58,7,Story decision support notice.
928,28396,441.29,5,Father gun speak.
929,27109,744.37,13,Find decade ball those leader amount.
930,2674,416.0,12,Quite member machine.
931,28353,467.24,2,Six run morning.
932,44828,159.01,8,Author result describe.
933,31735,133.6,13,Manage allow describe year.
934,46617,428.26,10,Painting speech.
935,18805,94.22,4,Decision life news personal.
936,5502,749.1,9,Low next item no left identify.
937,39043,592.95,15,Big thus machine near.
938,159,503.3,9,Quickly reveal break seven raise.
939,7155,837.57,4,Feel maybe partner cold.
940,15796,1894.17,9,Ahead he tell standard.
941,4863,1918.81,12,Often teacher two hot.
942,34853,1858.92,1,Traditional suddenly.
943,18066,1760.85,8,West positive level future.
944,13683,1573.15,9,Message such friend let anyone.
945,20099,1941.0,7,Control rest what win. Science area per.
946,33313,853.02,10,Produce perhaps challenge spend.
947,31564,1692.7,14,Tax ago many south phone American six.
948,35293,607.88,3,Wish establish south road figure.
949,16185,1646.91,13,Change collection.
950,19155,1264.36,9,Service wind week change step.
951,2069,375.4,7,Position likely side.
952,13006,1523.88,4,Person responsibility say it seem.
953,27678,693.98,14,Good she total discover music door.
954,39172,563.1,6,Wonder like fire.
955,13456,950.04,7,Each prepare never ask.
956,28131,1598.33,9,Subject appear while.
957,36577,1328.17,10,Plan this hard run action wrong himself.
958,43372,1364.53,9,Only focus resource.
959,7915,217.52,3,Hand type eat then whose write.
960,47656,1873.84,4,Sea shoulder above another.
961,12549,1445.17,13,White cause most series.
962,23440,1749.73,14,Kid later such couple.
963,42519,410.82,7,Never difficult live.
964,22420,90.63,2,Car network system.
965,23647,1742.15,7,Field idea class use his.
966,41502,661.34,5,Charge sense foreign part.
967,2475,1320.92,11,Song ahead seat.
968,27145,1236.85,13,Throw shoulder.
969,24066,858.44,8,North high south.
970,15327,1909.08,8,Never reveal near.
971,6229,1064.91,9,Heavy its fine water night.
972,27475,1240.54,2,Figure middle gas agree.
973,4866,1198.34,13,Pass hard degree law.
974,1200,1989.11,15,Early system ask watch strong.
975,8769,197.0,7,Sit road especially.
976,7247,1383.37,1,Sound available official himself year learn.
977,40837,1805.35,14,Respond run perform better.
978,26918,699.44,5,Walk long huge ability.
979,34894,25.88,14,Any audience feel mission.
980,19699,1885.35,2,East just them owner recognize.
981,3870,279.99,10,Assume this town benefit.
982,31571,974.12,6,We two reveal defense.
983,20610,1279.84,14,None eat imagine. Simple summer edge.
984,20128,1525.0,10,Keep throughout sea guess.
985,41928,961.07,10,Focus new agency meet fine.
986,1526,617.76,3,Hard coach piece key although.
987,6787,1477.74,6,While system fast.
988,9826,821.89,9,Yeah detail sell key section.
989,21441,1851.49,15,Thousand work almost.
990,20263,540.34,3,Try effort husband focus three from.
991,23883,327.82,13,Serve after outside reduce protect expect.
992,3453,1650.75,15,Three discover month.
993,14756,1853.04,15,Same almost activity cold.
994,19925,1214.95,6,Car prevent present especially.
995,4936,998.81,3,Data hour ball seek.
996,12658,1847.93,10,Drop key focus picture test.
997,15509,89.38,1,Especially different white could support.
998,34706,435.8,10,Cover evidence bad sense ago.
999,4570,626.34,9,Step by consumer.
1000,20337,577.25,3,Reason film level eight.
